"id","first_name","last_name","email","last_modified_date"
91,Todd,Willis,twillis2i@businessweek.com,2018-03-27
24,David,Graham,dgrahamn@zimbio.com,2018-01-01
45,Scott,Brown,sbrown18@geocities.jp,2018-01-01
21,Willie,Hill,whillk@mail.ru,2018-03-28
32,Thomas,Owens,towensv@psu.edu,2018-01-28
36,Harold,Ortiz,hortizz@vkontakte.ru,2018-03-10
100,Jean,Mcdonald,jmcdonald2r@baidu.com,2018-01-01
96,Jacqueline,Anderson,janderson2n@cargocollective.com,2018-01-01
50,Billy,Long,blong1d@yahoo.com,2018-02-20
10,Henry,Welch,hwelch9@list-manage.com,2018-01-01
88,Adam,Torres,atorres2f@sun.com,2018-01-09
23,Mildred,Adams,madamsm@usatoday.com,2018-01-01
69,Janet,Powell,jpowell1w@un.org,2018-03-18
76,Barbara,Wells,bwells23@behance.net,2018-03-23
17,Kimberly,Ray,krayg@xing.com,2018-01-01
77,Anne,Wells,awells24@apache.org,2018-01-01
83,Virginia,Rodriguez,vrodriguez2a@walmart.com,2018-01-01
7,Martin,Mcdonald,mmcdonald6@opera.com,2018-01-14
75,Andrea,Hall,ahall22@hp.com,2018-01-01
9,Jennifer,Franklin,jfranklin8@mail.ru,2018-03-17
31,Jane,Gonzalez,jgonzalezu@networksolutions.com,2018-02-17
74,Harry,Andrews,handrews21@ameblo.jp,2018-01-01
26,Aaron,Ruiz,aruizp@weebly.com,2018-03-08
43,Kelly,Nguyen,knguyen16@altervista.org,2018-01-01
70,Helen,Ford,hford1x@creativecommons.org,2018-03-26
40,Maria,Armstrong,marmstrong13@prweb.com,2018-01-17
99,Mary,Gray,mgray2q@constantcontact.com,2018-02-14
49,Judy,Nichols,jnichols1c@t-online.de,2018-01-01
59,Adam,Armstrong,aarmstrong1m@techcrunch.com,2018-01-15
1,Michael,Perez,mperez0@chronoengine.com,2018-02-10
68,Jesse,Ellis,jellis1v@google.co.uk,2018-03-26
29,Benjamin,King,bkings@comsenz.com,2018-01-01
47,Marie,Peters,mpeters1a@mlb.com,2018-03-31
25,Victor,Hunter,vhuntero@ehow.com,2018-03-20
34,Jennifer,Stewart,jstewartx@yahoo.com,2018-02-26
18,Johnny,Knight,jknighth@jalbum.net,2018-02-27
33,Katherine,Moore,kmoorew@naver.com,2018-02-13
11,Fred,Snyder,fsnydera@reddit.com,2018-03-23
73,Alan,Berry,aberry20@gov.uk,2018-01-01
2,Shawn,Mccoy,smccoy1@reddit.com,2018-01-11
42,Diana,Spencer,dspencer15@ifeng.com,2018-03-12
94,Gregory,Hawkins,ghawkins2l@joomla.org,2018-01-29
93,Frances,Robertson,frobertson2k@go.com,2018-03-01
79,Jack,Ray,jray26@wufoo.com,2018-03-11
39,Louise,Weaver,lweaver12@china.com.cn,2018-01-18
19,Virginia,Freeman,vfreemani@tiny.cc,2018-03-16
51,Howard,Reid,hreid1e@exblog.jp,2018-02-23
52,Laura,Ferguson,lferguson1f@tuttocitta.it,2018-03-23
48,Lillian,Carr,lcarr1b@typepad.com,2018-01-01
15,Teresa,Hill,thille@dion.ne.jp,2018-01-01
13,Kathleen,Meyer,kmeyerc@cdc.gov,2018-03-07
6,Sarah,Ryan,sryan5@gnu.org,2018-02-19
54,Rose,Morgan,rmorgan1h@ehow.com,2018-03-24
78,Harry,Harper,hharper25@rediff.com,2018-01-01
65,Brenda,Wood,bwood1s@over-blog.com,2018-01-01
82,Arthur,Daniels,adaniels29@reuters.com,2018-01-01
60,Norma,Wallace,nwallace1n@phoca.cz,2018-01-01
98,Nicole,Meyer,nmeyer2p@flickr.com,2018-01-01
61,Timothy,Reyes,treyes1o@google.cn,2018-01-01
90,Paul,Payne,ppayne2h@hhs.gov,2018-04-06
4,Jimmy,Cooper,jcooper3@cargocollective.com,2018-01-01
57,Paul,Watkins,pwatkins1k@upenn.edu,2018-03-05
67,Michael,Hart,mhart1u@wix.com,2018-01-01
62,Elizabeth,Patterson,epatterson1p@sun.com,2018-01-01
41,Gloria,Cruz,gcruz14@odnoklassniki.ru,2018-04-07
14,Steve,Ferguson,sfergusond@reverbnation.com,2018-01-01
12,Amy,Dunn,adunnb@nba.com,2018-03-03
86,Jason,Cole,jcole2d@ycombinator.com,2018-01-24
46,Norma,Cruz,ncruz19@si.edu,2018-03-27
85,Theresa,Mendoza,tmendoza2c@vinaora.com,2018-04-09
38,Dennis,Johnson,djohnson11@slate.com,2018-02-06
27,Benjamin,Brooks,bbrooksq@jalbum.net,2018-04-04
35,Sara,Tucker,stuckery@topsy.com,2018-03-21
80,Phillip,Hamilton,phamilton27@joomla.org,2018-02-08
84,Christina,Ryan,cryan2b@hibu.com,2018-04-02
16,Amanda,Harper,aharperf@mail.ru,2018-02-02
92,Willie,Oliver,woliver2j@noaa.gov,2018-02-16
53,Anne,Bailey,abailey1g@geocities.com,2018-03-11
95,Lisa,Perkins,lperkins2m@si.edu,2018-01-01
87,Phillip,Bryant,pbryant2e@rediff.com,2018-01-01
28,Lisa,Wilson,lwilsonr@japanpost.jp,2018-02-04
22,Sean,Harris,sharrisl@zdnet.com,2018-03-01
71,Gerald,Carpenter,gcarpenter1y@about.me,2018-02-24
72,Kathryn,Oliver,koliver1z@army.mil,2018-01-01
55,Nicholas,Reyes,nreyes1i@google.ru,2018-01-01
44,Jane,Rodriguez,jrodriguez17@biblegateway.com,2018-01-01
97,Shirley,Diaz,sdiaz2o@ucla.edu,2018-01-01
5,Katherine,Rice,krice4@typepad.com,2018-01-01
30,Christina,Williamson,cwilliamsont@boston.com,2018-03-14
20,Anna,Austin,aaustinj@diigo.com,2018-01-23
37,Shirley,James,sjames10@yelp.com,2018-01-01
58,Kathryn,Kelly,kkelly1l@businessweek.com,2018-01-01
3,Kathleen,Payne,kpayne2@cargocollective.com,2018-03-11
64,David,Cox,dcox1r@friendfeed.com,2018-01-20
89,Margaret,Johnston,mjohnston2g@ucsd.edu,2018-04-07
56,Joshua,Kennedy,jkennedy1j@house.gov,2018-01-01
81,Shirley,Hunter,shunter28@newsvine.com,2018-01-01
63,Edward,Gomez,egomez1q@google.fr,2018-04-03
66,Adam,Walker,awalker1t@blogs.com,2018-04-03
8,Frank,Robinson,frobinson7@wunderground.com,2018-03-12
